Run Num,Connect Time
0,0.0027008056640625
1,0.044954538345336914
2,0.0033097267150878906
3,0.04733848571777344
4,0.0025339126586914062
5,0.044364213943481445
6,0.002534151077270508
7,0.043465614318847656
8,0.002358675003051758
9,0.04892611503601074
10,0.002474069595336914
11,0.04489612579345703
12,0.0022568702697753906
13,0.04551410675048828
14,0.0025289058685302734
15,0.048212528228759766
16,0.0033299922943115234
17,0.04743623733520508
18,0.0024793148040771484
19,0.04503464698791504
