Run Num,Connect Time
0,0.0052335262298583984
1,0.008904695510864258
2,0.04864192008972168
3,0.007550477981567383
4,0.04875946044921875
5,0.008420705795288086
6,0.05172467231750488
7,0.008276700973510742
8,0.05161595344543457
9,0.009046792984008789
10,0.05100584030151367
11,0.00848531723022461
12,0.051412105560302734
13,0.00858926773071289
14,0.051401615142822266
15,0.00818634033203125
16,0.05193471908569336
17,0.009172201156616211
18,0.0539858341217041
19,0.006705522537231445
