Run Num,Connect Time
0,0.002279520034790039
1,0.002041339874267578
2,0.04445958137512207
3,0.0026960372924804688
4,0.04519391059875488
5,0.0034859180450439453
6,0.044179677963256836
7,0.002635478973388672
8,0.04452037811279297
9,0.0026421546936035156
10,0.04435229301452637
11,0.002572774887084961
12,0.04459547996520996
13,0.0027365684509277344
14,0.04422450065612793
15,0.0026090145111083984
16,0.04421710968017578
17,0.0028018951416015625
18,0.04438638687133789
19,0.002479076385498047
