Packet Size,Connect Time
17,0.0003514289855957031
17,0.0003235340118408203
17,0.0003261566162109375
17,0.0003235340118408203
17,0.0003249645233154297
17,0.0003247261047363281
17,0.00017595291137695312
17,0.0001480579376220703
17,0.0001850128173828125
17,0.00032448768615722656
