Packet Size,Connect Time
17,0.0004019737243652344
17,0.00021576881408691406
17,0.0
17,0.0007522106170654297
17,0.0
17,0.0
17,0.0
17,0.001195669174194336
17,0.0
17,0.0
